"sample_id","anem_id","old_anem_id"
"APCL16_001",NA,NA
"APCL16_002",2175,NA
"APCL16_006",2178,402
"APCL16_009",2179,810
"APCL16_011",2180,401
"APCL16_012",NA,NA
"APCL16_013",2181,1018
"APCL16_019",2161,NA
"APCL16_015",2182,NA
"APCL16_016",2183,NA
"APCL16_021",2184,807
"APCL16_023",2185,749
"APCL16_024",2186,NA
"APCL16_028",NA,NA
"APCL16_025",2187,NA
"APCL16_027",2188,NA
"APCL16_029",2189,NA
"APCL16_030",2190,1001
"APCL16_031",2191,NA
"APCL16_033",2002,NA
"APCL16_035",NA,NA
"APCL16_036",1027,NA
"APCL16_040",1033,NA
"APCL16_038",2005,NA
"APCL16_044",2003,NA
"APCL16_046",2192,NA
"APCL16_048",2193,NA
"APCL16_051",2194,NA
"APCL16_049",495,NA
"APCL16_052",2195,NA
"APCL16_057",2197,NA
"APCL16_055",2196,488
"APCL16_058",2195,NA
"APCL16_059",2198,NA
"APCL16_062",2200,NA
"APCL16_060",2199,NA
"APCL16_072",2014,NA
"APCL16_063",945,NA
"APCL16_065",2201,960
"APCL16_068",2202,NA
"APCL16_074",2001,NA
"APCL16_076",2203,720
"APCL16_079",1026,NA
"APCL16_080",2207,727
"APCL16_082",2208,969
"APCL16_083",2209,NA
"APCL16_085",729,NA
"APCL16_086",971,NA
"APCL16_088",2210,NA
"APCL16_089",2211,NA
"APCL16_091",2008,NA
"APCL16_092",2212,961
"APCL16_093",2213,NA
"APCL16_094",2214,465
"APCL16_095",2215,NA
"APCL16_096",2015,NA
"APCL16_097",2216,476
"APCL16_099",2217,NA
"APCL16_101",2218,499
"APCL16_102",2219,NA
"APCL16_103",2220,957
"APCL16_104",2222,479
"APCL16_105",2223,940
"APCL16_107",434,110
"APCL16_109",2224,NA
"APCL16_110",881,NA
"APCL16_112",2225,NA
"APCL16_113",2226,NA
"APCL16_115",2227,NA
"APCL16_117",2229,NA
"APCL16_118",2230,NA
"APCL16_120",2231,414
"APCL16_123",NA,NA
"APCL16_121",2021,NA
"APCL16_124",2233,NA
"APCL16_125",2234,918
"APCL16_126",NA,NA
"APCL16_127",2235,415
"APCL16_129",2236,908
"APCL16_130",NA,NA
"APCL16_131",NA,NA
"APCL16_132",2237,NA
"APCL16_134",2238,359
"APCL16_126",876,NA
"APCL16_137",2239,NA
"APCL16_138",2240,NA
"APCL16_139",2241,NA
"APCL16_140",2242,NA
"APCL16_144",2244,NA
"APCL16_141",2243,389
"APCL16_145",2245,NA
"APCL16_146",2246,849
"APCL16_155",2252,NA
"APCL16_150",2248,871
"APCL16_149",2247,906
"APCL16_154",2251,NA
"APCL16_152",2250,904
"APCL16_160",1282,NA
"APCL16_156",2257,NA
"APCL16_159",2253,1278
"APCL16_161",2254,NA
"APCL16_162",2255,NA
"APCL16_163",2256,NA
"APCL16_165",2258,NA
"APCL16_168",2259,NA
"APCL16_171",2260,NA
"APCL16_172",2261,NA
"APCL16_175",2262,447
"APCL16_177",2263,445
"APCL16_179",2264,NA
"APCL16_182",451,NA
"APCL16_183",2266,NA
"APCL16_184",2267,NA
"APCL16_185",2268,NA
"APCL16_190",2147,NA
"APCL16_187",2269,397
"APCL16_191",2270,NA
"APCL16_193",2271,1286
"APCL16_197",2273,NA
"APCL16_195",2272,NA
"APCL16_199",2274,NA
"APCL16_201",1351,NA
"APCL16_203",2275,NA
"APCL16_205",2276,NA
"APCL16_207",1270,NA
"APCL16_210",2278,NA
"APCL16_208",227,NA
"APCL16_212",2279,NA
"APCL16_213",2280,1310
"APCL16_214",709,NA
"APCL16_216",2282,NA
"APCL16_219",2284,1080
"APCL16_221",2285,NA
"APCL16_222",2284,NA
"APCL16_223",2286,NA
"APCL16_229",2290,NA
"APCL16_224",2287,NA
"APCL16_226",2288,NA
"APCL16_228",2289,NA
"APCL16_230",NA,NA
"APCL16_231",2291,NA
"APCL16_233",NA,NA
"APCL16_235",NA,NA
"APCL16_237",NA,NA
"APCL16_238",2292,NA
"APCL16_241",NA,NA
"APCL16_243",2293,605
"APCL16_244",2038,NA
"APCL16_246",NA,NA
"APCL16_252",NA,NA
"APCL16_253",2028,NA
"APCL16_254",2029,NA
"APCL16_257",2294,NA
"APCL16_264",2295,688
"APCL16_266",2296,696
"APCL16_268",2297,1326
"APCL16_270",2298,NA
"APCL16_272",2299,NA
"APCL16_274",2300,NA
"APCL16_276",2301,NA
"APCL16_277",2302,NA
"APCL16_278",2303,NA
"APCL16_279",2304,704
"APCL16_281",2305,NA
"APCL16_283",1304,NA
"APCL16_285",2306,701
"APCL16_290",2309,NA
"APCL16_293",2310,NA
"APCL16_294",2311,NA
"APCL16_295",2312,NA
"APCL16_297",2313,NA
"APCL16_299",2314,NA
"APCL16_300",2315,NA
"APCL16_301",2316,NA
"APCL16_303",2317,NA
"APCL16_305",NA,NA
"APCL16_306",2318,377
"APCL16_308",51,NA
"APCL16_310",NA,NA
"APCL16_311",NA,NA
"APCL16_313",NA,NA
"APCL16_315",NA,NA
"APCL16_317",2401,NA
"APCL16_323",NA,NA
"APCL16_329",2402,NA
"APCL16_333",2403,NA
"APCL16_332",2405,NA
"APCL16_334",2406,1091
"APCL16_336",2407,NA
"APCL16_338",2408,NA
"APCL16_341",2409,NA
"APCL16_343",2087,NA
"APCL16_345",2410,NA
"APCL16_347",2131,NA
"APCL16_350",2411,NA
"APCL16_351",2412,1092
"APCL16_357",NA,NA
"APCL16_363",NA,NA
"APCL16_369",NA,NA
"APCL16_371",2413,NA
"APCL16_372",2414,NA
"APCL16_373",2415,1183
"APCL16_374",2416,NA
"APCL16_375",2404,NA
"APCL16_376",1098,NA
"APCL16_378",2417,NA
"APCL16_382",2418,NA
"APCL16_385",2419,NA
"APCL16_387",NA,NA
"APCL16_388",2420,NA
"APCL16_394",2421,NA
"APCL16_400",2422,NA
"APCL16_410",2423,NA
"APCL16_416",NA,NA
"APCL16_419",2257,NA
"APCL16_420",NA,NA
"APCL16_421",2254,NA
"APCL16_424",2424,523
"APCL16_428",NA,NA
"APCL16_430",2425,512
"APCL16_432",2426,NA
"APCL16_438",2428,NA
"APCL16_442",2429,NA
"APCL16_443",2430,680
"APCL16_444",2431,1116
"APCL16_446",2432,1114
"APCL16_447",2433,938
"APCL16_452",2435,221
"APCL16_453",2434,NA
"APCL16_454",2436,NA
"APCL16_455",2437,NA
"APCL16_458",2438,NA
"APCL16_465",2444,934
"APCL16_459",2441,NA
"APCL16_462",2442,NA
"APCL16_464",2443,NA
"APCL16_468",2445,472
"APCL16_471",2446,NA
"APCL16_480",2448,955
"APCL16_485",NA,NA
"APCL16_491",NA,NA
"APCL16_496",2449,NA
"APCL16_498",2450,936
"APCL16_499",2451,NA
"APCL16_503",2452,NA
"APCL16_504",2453,NA
"APCL16_507",2454,NA
"APCL16_508",2455,NA
"APCL16_509",2458,NA
"APCL16_510",2459,NA
"APCL16_511",NA,NA
"APCL16_512",2462,NA
"APCL16_516",2463,1098
"APCL16_517",2464,NA
"APCL16_519",2465,601
"APCL16_521",2466,NA
"APCL16_522",2469,NA
"APCL16_524",2060,NA
"APCL16_526",2469,600
"APCL16_529",2471,NA
"APCL16_531",2461,NA
"APCL16_532",2472,NA
"APCL16_478",2473,597
"APCL16_537",NA,NA
"APCL16_541",2474,NA
"APCL16_543",2475,NA
"APCL16_544",2476,595
"APCL16_547",2479,NA
"APCL16_549",2480,1122
"APCL16_551",2481,NA
"APCL16_555",2482,NA
"APCL16_556",2061,NA
"APCL16_557",2483,NA
"APCL16_560",2477,873
"APCL16_563",2486,NA
"APCL16_564",2487,913
"APCL16_565",2488,912
"APCL16_566",2490,428
"APCL16_570",2491,427
"APCL16_571",423,NA
"APCL16_575",2493,NA
"APCL16_576",2238,NA
"APCL16_580",2495,NA
"APCL16_577",2494,NA
"APCL16_582",2495,240
"APCL16_584",2497,1047
"APCL16_585",2498,NA
"APCL16_587",2499,NA
"APCL16_588",2069,NA
"APCL16_592",2500,NA
"APCL16_597",2067,NA
"APCL16_598",2501,NA
"APCL16_600",2072,NA
"APCL16_607",2502,NA
"APCL16_608",2503,691
"APCL16_615",NA,NA
"APCL16_620",2504,NA
"APCL16_627",2505,930
"APCL16_634",NA,NA
"APCL16_641",NA,NA
"APCL16_642",2506,NA
"APCL16_643",2507,NA
"APCL16_645",2508,NA
"APCL16_646",2509,NA
"APCL16_653",NA,NA
"APCL16_660",NA,NA
"APCL16_662",2510,NA
"APCL16_663",2511,NA
"APCL16_664",2512,NA
"APCL16_666",2513,NA
"APCL16_667",2514,NA
"APCL16_669",2515,NA
"APCL16_671",2516,NA
"APCL16_673",2517,NA
"APCL16_674",2518,NA
"APCL16_675",2519,508
"APCL16_676",2520,NA
"APCL16_677",2521,NA
"APCL16_678",2522,NA
"APCL16_680",2523,NA
"APCL16_681",2524,1346
"APCL16_682",2525,NA
"APCL16_685",2526,NA
"APCL16_686",2527,NA
"APCL16_687",2528,NA
"APCL16_688",2149,NA
"APCL16_693",2530,NA
"APCL16_695",2153,NA
"APCL16_696",2155,NA
"APCL16_698",2531,NA
"APCL16_701",2533,NA
"APCL16_702",2534,NA
"APCL16_703",2157,NA
"APCL16_710",NA,NA
"APCL16_712",2535,NA
"APCL16_713",2536,NA
"APCL16_715",2537,NA
"APCL16_717",2538,NA
"APCL16_718",2157,NA
"APCL16_719",2539,NA
"APCL16_720",2540,NA
"APCL16_721",2541,NA
"APCL16_722",2542,NA
"APCL16_723",2543,NA
"APCL16_724",2544,738
"APCL16_727",2545,NA
"APCL16_729",2546,740
"APCL16_730",2547,NA
"APCL16_731",2548,741
"APCL16_733",2549,NA
"APCL16_734",2550,466
"APCL16_735",2548,NA
"APCL16_739",2551,781
"APCL16_741",2552,NA
"APCL16_745",2161,NA
"APCL16_747",2135,NA
"APCL16_753",2136,NA
"APCL16_756",2554,NA
"APCL16_758",NA,NA
"APCL16_760",2559,NA
"APCL16_763",2564,NA
"APCL16_765",2560,757
"APCL16_766",2561,394
"APCL16_770",2001,NA
"APCL16_771",2002,NA
"APCL16_773",2192,NA
"APCL16_774",2563,966
"APCL16_775",2204,NA
"APCL16_778",2566,950
"APCL16_779",2207,NA
"APCL16_780",2567,NA
"APCL16_781",2208,NA
"APCL16_782",2568,970
"APCL16_783",2569,NA
"APCL16_785",2220,NA
"APCL16_786",2571,478
"APCL16_788",2218,NA
"APCL16_790",2572,110
"APCL16_791",881,NA
"APCL16_793",NA,NA
"APCL16_794",2576,1126
"APCL16_795",2577,1127
"APCL16_796",2578,NA
"APCL16_799",2036,NA
"APCL16_802",2035,NA
"APCL16_803",2037,NA
"APCL16_805",2579,NA
"APCL16_809",2250,NA
"APCL16_810",2248,NA
"APCL16_811",2246,NA
"APCL16_812",2582,689
"APCL16_813",NA,NA
"APCL16_003",2175,NA
"APCL16_004",2177,494
"APCL16_007",2178,402
"APCL16_010",2179,810
"APCL16_014",2181,1018
"APCL16_020",2161,NA
"APCL16_017",2183,NA
"APCL16_022",2184,807
"APCL16_026",2187,NA
"APCL16_032",2191,NA
"APCL16_034",2002,NA
"APCL16_037",1027,NA
"APCL16_041",1033,NA
"APCL16_039",2005,NA
"APCL16_045",2003,NA
"APCL16_047",2192,NA
"APCL16_054",495,NA
"APCL16_053",2195,NA
"APCL16_056",2196,488
"APCL16_070",2014,NA
"APCL16_066",2201,960
"APCL16_069",2202,NA
"APCL16_078",2206,128
"APCL16_075",2204,NA
"APCL16_081",2207,727
"APCL16_084",2209,NA
"APCL16_087",971,NA
"APCL16_090",2211,NA
"APCL16_098",2216,476
"APCL16_100",2217,NA
"APCL16_106",2223,940
"APCL16_108",434,110
"APCL16_111",881,NA
"APCL16_114",2226,NA
"APCL16_116",2227,NA
"APCL16_119",2230,NA
"APCL16_122",2021,NA
"APCL16_128",2235,415
"APCL16_133",909,419
"APCL16_135",2238,359
"APCL16_142",2243,389
"APCL16_147",2246,849
"APCL16_151",2248,871
"APCL16_153",2250,904
"APCL16_157",2257,NA
"APCL16_164",2256,NA
"APCL16_166",2258,NA
"APCL16_169",2259,NA
"APCL16_173",2261,NA
"APCL16_176",2262,447
"APCL16_178",2263,445
"APCL16_180",2264,NA
"APCL16_186",2268,NA
"APCL16_189",2147,NA
"APCL16_188",2269,397
"APCL16_192",2270,NA
"APCL16_194",2271,1286
"APCL16_196",2272,NA
"APCL16_198",2274,NA
"APCL16_202",1351,NA
"APCL16_204",2275,NA
"APCL16_206",2276,NA
"APCL16_209",227,NA
"APCL16_215",2281,NA
"APCL16_217",2282,NA
"APCL16_220",2284,1080
"APCL16_225",2287,NA
"APCL16_227",2288,NA
"APCL16_232",2291,NA
"APCL16_234",NA,NA
"APCL16_236",NA,NA
"APCL16_239",2292,NA
"APCL16_242",NA,NA
"APCL16_245",2038,NA
"APCL16_247",NA,NA
"APCL16_255",2029,NA
"APCL16_258",2294,NA
"APCL16_265",2295,688
"APCL16_267",2296,696
"APCL16_269",2297,1326
"APCL16_271",2298,NA
"APCL16_273",2299,NA
"APCL16_275",2300,NA
"APCL16_280",2304,704
"APCL16_282",2305,NA
"APCL16_284",1304,NA
"APCL16_286",2306,701
"APCL16_291",2309,NA
"APCL16_296",2312,NA
"APCL16_298",2313,NA
"APCL16_302",2316,NA
"APCL16_304",2317,NA
"APCL16_307",2318,377
"APCL16_309",51,NA
"APCL16_312",NA,NA
"APCL16_314",NA,NA
"APCL16_316",NA,NA
"APCL16_318",2401,NA
"APCL16_324",NA,NA
"APCL16_330",2402,NA
"APCL16_335",2406,1091
"APCL16_339",2408,NA
"APCL16_342",2409,NA
"APCL16_344",2087,NA
"APCL16_346",2410,NA
"APCL16_348",2131,NA
"APCL16_352",2412,1092
"APCL16_358",NA,NA
"APCL16_364",NA,NA
"APCL16_370",NA,NA
"APCL16_377",1098,NA
"APCL16_379",2417,NA
"APCL16_383",2418,NA
"APCL16_386",2419,NA
"APCL16_389",2420,NA
"APCL16_395",2421,NA
"APCL16_401",2422,NA
"APCL16_406",NA,NA
"APCL16_411",2423,NA
"APCL16_417",NA,NA
"APCL16_425",2424,523
"APCL16_429",NA,NA
"APCL16_431",2425,512
"APCL16_433",2426,NA
"APCL16_439",2428,NA
"APCL16_445",2431,1116
"APCL16_448",2433,938
"APCL16_456",2437,NA
"APCL16_466",2444,934
"APCL16_460",2441,NA
"APCL16_463",2442,NA
"APCL16_469",2445,472
"APCL16_472",2446,NA
"APCL16_474",2447,954
"APCL16_481",2448,955
"APCL16_486",NA,NA
"APCL16_492",NA,NA
"APCL16_497",2449,NA
"APCL16_501",2450,936
"APCL16_500",2451,NA
"APCL16_505",2453,NA
"APCL16_513",2462,NA
"APCL16_518",2464,NA
"APCL16_520",2465,601
"APCL16_523",2469,NA
"APCL16_525",2060,NA
"APCL16_530",2471,NA
"APCL16_479",2473,597
"APCL16_538",NA,NA
"APCL16_543",2474,NA
"APCL16_545",2476,595
"APCL16_548",2479,NA
"APCL16_550",2480,1122
"APCL16_552",2481,NA
"APCL16_558",2483,NA
"APCL16_559",2484,1119
"APCL16_561",2477,873
"APCL16_567",2490,428
"APCL16_572",423,NA
"APCL16_581",2495,NA
"APCL16_578",2494,NA
"APCL16_583",2495,240
"APCL16_586",2498,NA
"APCL16_589",2069,NA
"APCL16_593",2500,NA
"APCL16_599",2501,NA
"APCL16_601",2072,NA
"APCL16_609",2503,691
"APCL16_616",NA,NA
"APCL16_621",2504,NA
"APCL16_628",2505,930
"APCL16_635",NA,NA
"APCL16_644",2507,NA
"APCL16_647",2509,NA
"APCL16_654",NA,NA
"APCL16_661",NA,NA
"APCL16_665",2512,NA
"APCL16_668",2514,NA
"APCL16_670",2515,NA
"APCL16_672",2516,NA
"APCL16_679",2522,NA
"APCL16_683",2525,NA
"APCL16_689",2149,NA
"APCL16_694",2530,NA
"APCL16_696",2153,NA
"APCL16_699",2531,NA
"APCL16_700",2532,NA
"APCL16_704",2157,NA
"APCL16_711",NA,NA
"APCL16_714",2536,NA
"APCL16_716",2537,NA
"APCL16_725",2544,738
"APCL16_728",2545,NA
"APCL16_732",2548,741
"APCL16_736",2548,NA
"APCL16_740",2551,781
"APCL16_742",2552,NA
"APCL16_743",2553,NA
"APCL16_746",2161,NA
"APCL16_748",2135,NA
"APCL16_757",2554,NA
"APCL16_759",2557,NA
"APCL16_761",2559,NA
"APCL16_764",2564,NA
"APCL16_767",2560,757
"APCL16_776",2203,NA
"APCL16_777",2010,NA
"APCL16_784",2216,NA
"APCL16_787",2222,NA
"APCL16_789",2218,NA
"APCL16_792",881,NA
"APCL16_797",2578,NA
"APCL16_800",2036,NA
"APCL16_804",2037,NA
"APCL16_806",2579,NA
"APCL16_815",NA,NA
"APCL16_005",2177,494
"APCL16_008",2178,402
"APCL16_018",2183,NA
"APCL16_042",1033,NA
"APCL16_043",2005,NA
"APCL16_050",495,NA
"APCL16_061",2200,NA
"APCL16_073",2014,NA
"APCL16_067",2201,960
"APCL16_077",2206,128
"APCL16_143",2243,389
"APCL16_148",2246,849
"APCL16_158",2257,NA
"APCL16_167",2258,NA
"APCL16_170",2259,NA
"APCL16_174",2261,NA
"APCL16_181",2265,NA
"APCL16_211",2278,NA
"APCL16_218",2282,NA
"APCL16_240",2292,NA
"APCL16_248",NA,NA
"APCL16_256",2029,NA
"APCL16_259",2294,NA
"APCL16_287",2306,701
"APCL16_292",2309,NA
"APCL16_319",2401,NA
"APCL16_325",NA,NA
"APCL16_331",2402,NA
"APCL16_340",2408,NA
"APCL16_349",2131,NA
"APCL16_353",2412,1092
"APCL16_359",NA,NA
"APCL16_365",NA,NA
"APCL16_380",2417,NA
"APCL16_384",2418,NA
"APCL16_390",2420,NA
"APCL16_396",2421,NA
"APCL16_402",2422,NA
"APCL16_407",NA,NA
"APCL16_412",2423,NA
"APCL16_418",NA,NA
"APCL16_422",2254,NA
"APCL16_426",2424,523
"APCL16_437",2426,NA
"APCL16_440",2428,NA
"APCL16_449",2433,938
"APCL16_457",2437,NA
"APCL16_461",2441,NA
"APCL16_470",2445,472
"APCL16_473",2446,NA
"APCL16_475",2447,954
"APCL16_482",2448,955
"APCL16_487",NA,NA
"APCL16_493",NA,NA
"APCL16_502",2451,NA
"APCL16_527",2469,600
"APCL16_528",2470,NA
"APCL16_533",2473,597
"APCL16_539",NA,NA
"APCL16_553",2481,NA
"APCL16_562",2477,873
"APCL16_568",2490,428
"APCL16_573",423,NA
"APCL16_590",2069,NA
"APCL16_594",2500,NA
"APCL16_602",2072,NA
"APCL16_610",2503,691
"APCL16_617",NA,NA
"APCL16_622",2504,NA
"APCL16_629",2505,930
"APCL16_636",NA,NA
"APCL16_648",2509,NA
"APCL16_655",NA,NA
"APCL16_684",2525,NA
"APCL16_690",2149,NA
"APCL16_691",2529,NA
"APCL16_705",2157,NA
"APCL16_726",2544,738
"APCL16_737",2548,NA
"APCL16_744",2553,NA
"APCL16_754",2136,NA
"APCL16_762",2559,NA
"APCL16_768",2560,757
"APCL16_772",2002,NA
"APCL16_798",2578,NA
"APCL16_801",2036,NA
"APCL16_807",2579,NA
"APCL16_814",NA,NA
"APCL16_071",2014,NA
"APCL16_200",2274,NA
"APCL16_249",NA,NA
"APCL16_260",2294,NA
"APCL16_288",2306,701
"APCL16_320",2401,NA
"APCL16_326",NA,NA
"APCL16_354",2412,1092
"APCL16_360",NA,NA
"APCL16_366",NA,NA
"APCL16_381",2417,NA
"APCL16_391",2420,NA
"APCL16_399",2421,NA
"APCL16_403",2422,NA
"APCL16_408",NA,NA
"APCL16_413",2423,NA
"APCL16_423",2254,NA
"APCL16_427",2424,523
"APCL16_434",2426,NA
"APCL16_441",2428,NA
"APCL16_450",2433,938
"APCL16_467",2444,934
"APCL16_476",2447,954
"APCL16_483",2448,955
"APCL16_488",NA,NA
"APCL16_494",NA,NA
"APCL16_506",2453,NA
"APCL16_514",2462,NA
"APCL16_554",2473,597
"APCL16_540",NA,NA
"APCL16_554",2481,NA
"APCL16_569",2490,428
"APCL16_574",423,NA
"APCL16_579",2494,NA
"APCL16_591",2069,NA
"APCL16_595",2500,NA
"APCL16_603",2072,NA
"APCL16_611",2503,691
"APCL16_618",NA,NA
"APCL16_623",2504,NA
"APCL16_630",2505,930
"APCL16_637",NA,NA
"APCL16_649",2509,NA
"APCL16_656",NA,NA
"APCL16_692",2529,NA
"APCL16_706",2157,NA
"APCL16_738",2548,NA
"APCL16_749",2135,NA
"APCL16_755",2136,NA
"APCL16_769",2560,757
"APCL16_250",NA,NA
"APCL16_261",2294,NA
"APCL16_298",2306,701
"APCL16_321",2401,NA
"APCL16_327",NA,NA
"APCL16_355",2412,1092
"APCL16_361",NA,NA
"APCL16_367",NA,NA
"APCL16_392",2420,NA
"APCL16_397",2421,NA
"APCL16_404",2422,NA
"APCL16_409",NA,NA
"APCL16_414",2423,NA
"APCL16_435",2426,NA
"APCL16_451",2433,938
"APCL16_477",2447,954
"APCL16_489",NA,NA
"APCL16_495",NA,NA
"APCL16_515",2462,NA
"APCL16_535",2473,597
"APCL16_596",2500,NA
"APCL16_604",2072,NA
"APCL16_612",2503,691
"APCL16_619",NA,NA
"APCL16_624",2504,NA
"APCL16_631",2505,930
"APCL16_638",NA,NA
"APCL16_650",2509,NA
"APCL16_657",NA,NA
"APCL16_707",2157,NA
"APCL16_750",2135,NA
"APCL16_251",NA,NA
"APCL16_262",2294,NA
"APCL16_322",2401,NA
"APCL16_328",NA,NA
"APCL16_356",2412,1092
"APCL16_362",NA,NA
"APCL16_368",NA,NA
"APCL16_398",2421,NA
"APCL16_405",2422,NA
"APCL16_415",2423,NA
"APCL16_436",2426,NA
"APCL16_984",2448,955
"APCL16_490",NA,NA
"APCL16_536",2473,597
"APCL16_605",2072,NA
"APCL16_613",2503,691
"APCL16_625",2504,NA
"APCL16_632",2505,930
"APCL16_639",NA,NA
"APCL16_651",2509,NA
"APCL16_658",NA,NA
"APCL16_708",2157,NA
"APCL16_751",2135,NA
"APCL16_263",2294,NA
"APCL16_606",2072,NA
"APCL16_614",2503,691
"APCL16_626",2504,NA
"APCL16_633",2505,930
"APCL16_640",NA,NA
"APCL16_652",2509,NA
"APCL16_659",NA,NA
"APCL16_709",2157,NA
"APCL16_752",2135,NA
"APCL15_374542",776,NA
"APCL15_001",1338,NA
"APCL15_371463",1285,NA
"APCL15_375747",1284,NA
"APCL15_375526",1287,NA
"APCL15_406794",2001,1030
"APCL15_371626",NA,NA
"APCL15_371588",2002,NA
"APCL15_375516",1029,NA
"APCL15_375267",1028,NA
"APCL15_371511",2003,NA
"APCL15_376294",2005,NA
"APCL15_374415",2006,NA
"APCL15_374393",2007,NA
"APCL15_374248",2008,NA
"APCL15_374364",943,NA
"APCL15_372957",942,NA
"APCL15_372739",959,NA
"APCL15_373943",730,NA
"APCL15_370885",969,NA
"APCL15_371421",2009,NA
"APCL15_370935",2005,NA
"APCL15_371708",948,NA
"APCL15_375598",726,NA
"APCL15_375914",2010,NA
"APCL15_373373",1026,NA
"APCL15_376136",949,NA
"APCL15_373338",2011,NA
"APCL15_372147",2013,484
"APCL15_372744",2014,NA
"APCL15_373422",479,NA
"APCL15_373778",478,NA
"APCL15_375443",939,NA
"APCL15_003",2015,NA
"APCL15_402340",958,NA
"APCL15_004",2016,NA
"APCL15_404572",435,NA
"APCL15_400461",938,NA
"APCL15_401656",2017,NA
"APCL15_404045",416,NA
"APCL15_404526",915,NA
"APCL15_403698",879,NA
"APCL15_006",913,NA
"APCL15_405714",912,NA
"APCL15_010",428,NA
"APCL15_401616",2018,NA
"APCL15_404951",425,NA
"APCL15_011",427,NA
"APCL15_012",363,NA
"APCL15_407082",426,NA
"APCL15_014",910,360
"APCL15_402230",419,NA
"APCL15_405523",876,NA
"APCL15_402799",2019,NA
"APCL15_404741",909,NA
"APCL15_406037",417,NA
"APCL15_404305",415,NA
"APCL15_407477",414,NA
"APCL15_402921",2021,884
"APCL15_017",2022,NA
"APCL15_407028",919,NA
"APCL15_403879",887,NA
"APCL15_403040",921,NA
"APCL15_404854",881,NA
"APCL15_020",2023,NA
"APCL15_400948",878,NA
"APCL15_403889",1139,NA
"APCL15_404545",1138,NA
"APCL15_404653",2024,NA
"APCL15_403881",1143,NA
"APCL15_403391",827,NA
"APCL15_407622",2025,NA
"APCL15_403777",1134,NA
"APCL15_404371",2026,NA
"APCL15_022",2027,NA
"APCL15_402874",2028,NA
"APCL15_404845",2029,NA
"APCL15_023",2030,NA
"APCL15_406164",1133,NA
"APCL15_403102",NA,NA
"APCL15_403393",1105,NA
"APCL15_024",2031,NA
"APCL15_404146",1079,NA
"APCL15_404064",2032,NA
"APCL15_401458",1126,NA
"APCL15_399705",2033,NA
"APCL15_025",2034,NA
"APCL15_406317",1130,NA
"APCL15_353379",2035,NA
"APCL15_404287",2036,NA
"APCL15_399551",1131,NA
"APCL15_403215",2037,NA
"APCL15_404313",2038,890
"APCL15_403913",2040,NA
"APCL15_407401",2039,NA
"APCL15_407670",2041,NA
"APCL15_402724",1141,NA
"APCL15_026",2042,NA
"APCL15_375047",2043,NA
"APCL15_027",2044,NA
"APCL15_374339",890,NA
"APCL15_373511",2045,NA
"APCL15_374610",1082,NA
"APCL15_373624",2046,NA
"APCL15_374493",2047,NA
"APCL15_028",897,NA
"APCL15_029",2048,NA
"APCL15_030",665,NA
"APCL15_400205",1064,NA
"APCL15_405807",2049,NA
"APCL15_406535",2050,NA
"APCL15_032",1063,NA
"APCL15_400408",899,NA
"APCL15_033",2031,NA
"APCL15_375659",1144,NA
"APCL15_375999",NA,NA
"APCL15_034",2052,NA
"APCL15_035",NA,NA
"APCL15_401342",NA,NA
"APCL15_407223",1051,NA
"APCL15_036",650,NA
"APCL15_037",2053,NA
"APCL15_402770",2054,NA
"APCL15_038",2055,NA
"APCL15_039",2056,NA
"APCL15_040",2057,NA
"APCL15_041",2058,NA
"APCL15_399571",1098,NA
"APCL15_399642",1090,337
"APCL15_404585",2060,NA
"APCL15_404420",2059,NA
"APCL15_043",1122,NA
"APCL15_403892",1121,NA
"APCL15_044",2061,NA
"APCL15_045",1119,NA
"APCL15_046",2062,NA
"APCL15_047",1051,NA
"APCL15_401241",2063,NA
"APCL15_402618",1034,NA
"APCL15_401710",148,NA
"APCL15_048",1037,NA
"APCL15_403079",2064,NA
"APCL15_049",1040,NA
"APCL15_050",2065,NA
"APCL15_051",2066,NA
"APCL15_400642",2067,1055
"APCL15_405712",585,NA
"APCL15_405332",2068,NA
"APCL15_053",2069,NA
"APCL15_403943",2070,NA
"APCL15_405876",2071,NA
"APCL15_405124",2072,NA
"APCL15_406734",1043,NA
"APCL15_402586",1045,NA
"APCL15_402499",1047,NA
"APCL15_353383",2073,NA
"APCL15_403713",2075,NA
"APCL15_054",2074,NA
"APCL15_399744",2076,NA
"APCL15_055",1049,NA
"APCL15_400524",1101,NA
"APCL15_057",2077,NA
"APCL15_405915",2078,NA
"APCL15_402244",2079,NA
"APCL15_407118",2080,NA
"APCL15_405807",2081,NA
"APCL15_407451",2082,NA
"APCL15_406231",2083,NA
"APCL15_058",2084,NA
"APCL15_352991",2085,NA
"APCL15_403055",2086,NA
"APCL15_060",2087,NA
"APCL15_403319",1092,NA
"APCL15_403370",2088,NA
"APCL15_404510",2089,NA
"APCL15_402980",1313,NA
"APCL15_401884",1272,NA
"APCL15_062",1273,NA
"APCL15_402486",2090,NA
"APCL15_403736",2091,NA
"APCL15_405746",1289,NA
"APCL15_407280",2092,NA
"APCL15_372624",2093,NA
"APCL15_063",2094,NA
"APCL15_355444",1316,NA
"APCL15_356492",NA,NA
"APCL15_354420",1357,NA
"APCL15_356529",2095,NA
"APCL15_371638",2096,NA
"APCL15_356001",2097,NA
"APCL15_355054",2098,NA
"APCL15_354270",2099,NA
"APCL15_065",2100,NA
"APCL15_355486",NA,NA
"APCL15_356440",2101,NA
"APCL15_066",2103,NA
"APCL15_364196",2102,1319
"APCL15_362409",2104,NA
"APCL15_067",2105,NA
"APCL15_369712",1324,NA
"APCL15_356778",1341,NA
"APCL15_355473",2106,NA
"APCL15_068",2107,NA
"APCL15_069",2108,NA
"APCL15_373231",2109,NA
"APCL15_372651",2110,NA
"APCL15_363819",1298,NA
"APCL15_354741",2111,NA
"APCL15_355518",1347,NA
"APCL15_354587",NA,NA
"APCL15_370033",2112,NA
"APCL15_071",505,NA
"APCL15_354107",2113,NA
"APCL15_371132",511,NA
"APCL15_372981",1372,NA
"APCL15_354327",2114,NA
"APCL15_372487",2115,NA
"APCL15_354641",2116,NA
"APCL15_372081",2117,NA
"APCL15_369437",2118,NA
"APCL15_072",2120,NA
"APCL15_355605",2119,NA
"APCL15_355704",NA,NA
"APCL15_073",682,NA
"APCL15_363411",2121,NA
"APCL15_074",2122,NA
"APCL15_354092",1350,NA
"APCL15_075",2123,NA
"APCL15_076",1379,NA
"APCL15_354642",1381,NA
"APCL15_370326",691,NA
"APCL15_356353",929,NA
"APCL15_369767",692,NA
"APCL15_401739",930,NA
"APCL15_354513",2124,NA
"APCL15_086",2125,NA
"APCL15_373086",873,NA
"APCL15_089",389,NA
"APCL15_090",906,NA
"APCL15_356339",871,NA
"APCL15_369558",904,NA
"APCL15_091",2126,NA
"APCL15_092",849,NA
"APCL15_093",2127,872
"APCL15_095",905,NA
"APCL15_372325",850,NA
"APCL15_098",1305,NA
"APCL15_403314",1307,NA
"APCL15_099",2128,NA
"APCL15_355180",698,NA
"APCL15_372405",697,NA
"APCL15_355715",1269,NA
"APCL15_353987",1306,NA
"APCL15_368386",1304,NA
"APCL15_104",703,NA
"APCL15_355246",701,NA
"APCL15_371766",702,NA
"APCL15_105",1270,NA
"APCL15_369615",1271,NA
"APCL15_355891",711,NA
"APCL15_371140",709,NA
"APCL15_369699",1309,NA
"APCL15_355603",NA,NA
"APCL15_096",2129,NA
"APCL15_097",2130,NA
"APCL15_106",2131,926
"APCL15_107",927,NA
"APCL15_108",902,NA
"APCL15_109",903,NA
"APCL15_110",2132,NA
"APCL15_111",379,NA
"APCL15_112",380,NA
"APCL15_113",928,NA
"APCL15_355123",451,NA
"APCL15_371672",452,NA
"APCL15_404299",2134,NA
"APCL15_368924",2135,NA
"APCL15_116",2136,NA
"APCL15_370997",NA,NA
"APCL15_356769",2137,NA
"APCL15_117",2138,NA
"APCL15_356422",1229,NA
"APCL15_119",2139,NA
"APCL15_362514",447,NA
"APCL15_371425",446,NA
"APCL15_364988",445,NA
"APCL15_370180",1204,NA
"APCL15_120",2140,NA
"APCL15_355903",2141,NA
"APCL15_122",2142,NA
"APCL15_355735",2143,NA
"APCL15_354358",1230,NA
"APCL15_123",2144,NA
"ACPL15_400899",759,NA
"APCL15_407297",1399,NA
"APCL15_406357",394,NA
"APCL15_405308",757,NA
"APCL15_404131",2145,NA
"APCL15_405034",793,NA
"APCL15_404021",755,NA
"APCL15_125",2146,NA
"APCL15_403157",395,NA
"APCL15_126",756,NA
"APCL15_128",2147,NA
"APCL15_406453",805,NA
"APCL15_130",2148,NA
"APCL15_402726",2149,NA
"APCL15_403622",2150,NA
"APCL15_403072",2151,NA
"APCL15_404635",2152,NA
"APCL15_404090",2153,NA
"APCL15_404319",2154,NA
"APCL15_406498",2155,NA
"APCL15_403388",802,NA
"APCL15_132",2156,NA
"APCL15_402854",782,NA
"APCL15_135",803,NA
"APCL15_403710",2157,NA
"APCL15_402307",737,NA
"APCL15_405336",468,NA
"APCL15_403468",2158,NA
"APCL15_401889",464,NA
"APCL15_405015",2161,NA
"APCL15_404140",2160,NA
"APCL15_404548",807,NA
"APCL15_372731",806,NA
"APCL15_405033",1016,NA
"APCL15_405042",830,NA
"APCL15_403708",798,NA
"APCL15_403045",808,NA
"APCL15_405116",1154,NA
"APCL15_368898",797,NA
"APCL15_369143",809,NA
"APCL15_354733",406,NA
"APCL15_370174",1017,NA
"APCL15_368572",794,NA
"APCL15_354525",403,NA
"APCL15_363882",402,NA
"APCL15_372250",810,NA
"APCL15_143",401,NA
"APCL15_354481",832,NA
"APCL15_355651",2159,NA
"APCL15_145",814,NA
"APCL15_351409",532,NA
"APCL15_354123",2162,NA
"APCL15_375244",762,NA
"APCL15_354382",763,NA
"APCL15_146",2163,NA
"ACPL15_371560",766,NA
"APCL15_147",1151,NA
"APCL15_148",1019,NA
"APCL15_149",533,NA
"APCL15_372245",534,NA
"APCL15_404670",769,NA
"APCL15_371253",535,NA
"APCL15_356406",537,NA
"APCL15_354604",2164,NA
"APCL15_355896",536,NA
"APCL15_355260",1005,NA
"APCL15_373292",1104,NA
"APCL15_373116",2165,NA
"APCL15_151",2167,NA
"APCL15_371455",2166,NA
"APCL15_355592",539,NA
"APCL15_356182",853,NA
"APCL15_371727",NA,NA
"APCL15_362714",540,NA
"APCL15_355550",2168,NA
"APCL15_153",2169,NA
"APCL15_355505",542,NA
"APCL15_154",2170,NA
"APCL15_155",2171,NA
"APCL15_370000",550,NA
"APCL15_369891",1025,NA
"APCL15_373315",764,NA
"APCL15_371825",552,NA
"APCL15_355880",1009,NA
"APCL15_355870",1192,NA
"APCL15_369541",1153,NA
"APCL15_372608",554,NA
"APCL15_364277",559,NA
"APCL15_372902",558,NA
"APCL15_158",562,NA
"APCL15_355734",775,NA
"APCL15_368057",2172,NA
"APCL15_404134",563,NA
"APCL15_370604",1010,NA
"APCL15_364065",574,NA
"APCL15_368961",577,NA
"APCL15_375761",776,NA
"APCL15_376242",1338,NA
"APCL15_371025",1285,NA
"APCL15_370980",801,NA
"APCL15_374058",1284,NA
"APCL15_374500",1287,NA
"APCL15_375827",1288,NA
"APCL15_376041",132,NA
"APCL15_374004",1028,NA
"APCL15_374151",2006,NA
"APCL15_370891",257,NA
"APCL15_371294",730,NA
"APCL15_372956",2009,NA
"APCL15_372286",2010,NA
"APCL15_374351",949,NA
"APCL15_372491",2012,NA
"APCL15_373627",2013,484
"APCL15_374990",2014,NA
"APCL15_374268",479,NA
"APCL15_373608",478,NA
"APCL15_002",2015,NA
"APCL15_407553",958,NA
"APCL15_403062",435,NA
"APCL15_400919",938,NA
"APCL15_405068",2017,NA
"APCL15_007",913,NA
"APCL15_009",912,NA
"APCL15_405452",428,NA
"APCL15_403994",425,NA
"APCL15_403855",427,NA
"APCL15_406738",363,NA
"APCL15_013",426,NA
"APCL15_402189",419,NA
"APCL15_405940",876,NA
"APCL15_402306",2019,NA
"APCL15_015",909,NA
"APCL15_016",414,NA
"APCL15_399786",2021,884
"APCL15_018",2022,NA
"APCL15_403866",919,NA
"APCL15_402768",921,NA
"APCL15_400235",881,NA
"APCL15_403655",1139,NA
"APCL15_407646",2024,NA
"APCL15_407195",2025,NA
"APCL15_406108",1134,NA
"APCL15_402510",2026,NA
"APCL15_405360",NA,NA
"APCL15_399614",1105,NA
"APCL15_405904",2033,NA
"APCL15_402971",1130,NA
"APCL15_407105",2036,NA
"APCL15_406954",1131,NA
"APCL15_373816",2045,NA
"APCL15_375271",1082,NA
"APCL15_405197",1064,NA
"APCL15_403740",2049,NA
"APCL15_031",2050,NA
"APCL15_402943",1063,NA
"APCL15_376036",899,NA
"APCL15_405921",1098,NA
"APCL15_042",2059,NA
"APCL15_401929",2064,NA
"APCL15_052",2067,1055
"APCL15_403664",585,NA
"APCL15_402454",2069,NA
"APCL15_406629",2071,NA
"APCL15_407431",1047,NA
"APCL15_402123",2075,NA
"APCL15_056",1101,NA
"APCL15_406887",2081,NA
"APCL15_404127",2085,NA
"APCL15_059",2086,NA
"APCL15_061",1092,NA
"APCL15_403649",1272,NA
"APCL15_404229",1289,NA
"APCL15_064",2095,NA
"APCL15_353914",2099,NA
"APCL15_355926",2102,1319
"APCL15_370215",2104,NA
"APCL15_070",2108,NA
"APCL15_367983",1372,NA
"APCL15_363708",2115,NA
"APCL15_370062",2118,NA
"APCL15_373232",691,NA
"APCL15_373218",929,NA
"APCL15_355693",692,NA
"APCL15_369033",930,NA
"APCL15_085",2124,NA
"APCL15_087",873,NA
"APCL15_354523",871,NA
"APCL15_404452",904,NA
"APCL15_355398",849,NA
"APCL15_094",2127,872
"APCL15_354247",1307,NA
"APCL15_100",2128,NA
"APCL15_370342",698,NA
"APCL15_372611",697,NA
"APCL15_362937",1269,NA
"APCL15_103",1304,NA
"APCL15_353835",702,NA
"APCL15_368111",1271,NA
"APCL15_372039",711,NA
"APCL15_354281",709,NA
"APCL15_364555",451,NA
"APCL15_372190",452,NA
"APCL15_370613",2134,NA
"APCL15_372347",2135,NA
"APCL15_355219",2136,NA
"APCL15_363661",2137,NA
"APCL15_118",2138,NA
"APCL15_370599",1204,NA
"APCL15_121",2141,NA
"APCL15_406807",1230,NA
"APCL15_404120",394,NA
"APCL15_403170",2145,NA
"APCL15_124",793,NA
"APCL15_403812",755,NA
"APCL15_402968",395,NA
"APCL15_127",756,NA
"APCL15_129",805,NA
"APCL15_131",2150,NA
"APCL15_403262",2151,NA
"APCL15_405490",2152,NA
"APCL15_404022",2153,NA
"APCL15_402950",2154,NA
"APCL15_403075",2155,NA
"APCL15_404648",802,NA
"APCL15_405582",782,NA
"APCL15_136",737,NA
"APCL15_402781",807,NA
"APCL15_404792",806,NA
"APCL15_137",1016,NA
"APCL15_406841",808,NA
"APCL15_138",797,NA
"APCL15_356376",809,NA
"APCL15_370592",406,NA
"APCL15_370407",1017,NA
"APCL15_372549",794,NA
"APCL15_141",403,NA
"APCL15_355853",402,NA
"APCL15_356267",810,NA
"APCL15_144",832,NA
"APCL15_355523",814,NA
"APCL15_354533",532,NA
"APCL15_356398",762,NA
"ACPL15_355265",766,NA
"APCL15_356407",534,NA
"APCL15_370554",769,NA
"APCL15_356249",535,NA
"APCL15_354185",537,NA
"APCL15_370820",536,NA
"APCL15_363747",1104,NA
"APCL15_356515",2165,NA
"APCL15_356535",2166,NA
"APCL15_152",539,NA
"APCL15_355908",NA,NA
"APCL15_354408",540,NA
"APCL15_362989",2168,NA
"APCL15_354053",550,NA
"APCL15_355571",1009,NA
"APCL15_368862",1192,NA
"APCL15_354885",1153,NA
"APCL15_372461",559,NA
"APCL15_371381",558,NA
"APCL15_371833",775,NA
"APCL15_355541",2172,NA
"APCL15_355417",563,NA
"APCL15_355443",1010,NA
"APCL15_372099",574,NA
"APCL15_373270",776,NA
"APCL15_372291",1285,NA
"APCL15_374017",801,NA
"APCL15_375881",1288,NA
"APCL15_374441",132,NA
"APCL15_371354",1033,NA
"APCL15_370907",730,NA
"APCL15_373033",480,NA
"APCL15_375642",1029,NA
"APCL15_005",2017,NA
"APCL15_008",913,NA
"APCL15_404829",417,NA
"APCL15_403566",2021,884
"APCL15_019",881,NA
"APCL15_021",2026,NA
"APCL15_407055",NA,NA
"APCL15_407572",2081,NA
"APCL15_407589",2085,NA
"APCL15_403716",1289,NA
"APCL15_369053",2118,NA
"APCL15_369281",691,NA
"APCL15_372316",929,NA
"APCL15_370157",930,NA
"APCL15_101",698,NA
"APCL15_102",1269,NA
"APCL15_368773",702,NA
"APCL15_368417",2133,NA
"APCL15_115",2135,NA
"APCL15_369857",447,NA
"APCL15_403352",394,NA
"APCL15_133",782,NA
"APCL15_403603",2158,NA
"APCL15_139",1017,NA
"APCL15_142",403,NA
"ACPL15_355045",766,NA
"APCL15_150",769,NA
"APCL15_156",1009,NA
"APCL15_157",1153,NA
"APCL15_159",775,NA
"APCL15_371404",1285,NA
"APCL15_371477",801,NA
"APCL15_370851",1288,NA
"APCL15_373375",2002,NA
"APCL15_375493",1033,NA
"APCL15_407137",426,NA
"APCL15_404060",417,NA
"APCL15_356312",691,NA
"APCL15_079",929,NA
"APCL15_368338",930,NA
"APCL15_355666",2133,NA
"APCL15_404993",2150,NA
"APCL15_134",782,NA
"APCL15_140",1017,NA
"ACPL15_372649",766,NA
"APCL15_354219",1009,NA
"APCL15_077",691,NA
"APCL15_373186",929,NA
"APCL15_080",930,NA
"APCL15_114",2133,NA
"APCL15_078",691,NA
"APCL15_368852",930,NA
"APCL15_364882",930,NA
"APCL15_354944",930,NA
"APCL15_355618",930,NA
"APCL15_372788",930,NA
"APCL15_081",930,NA
"APCL15_082",930,NA
"APCL15_083",930,NA
"APCL15_084",930,NA
"APCL14_001",375,NA
"APCL14_004",376,NA
"APCL14_006",284,NA
"APCL14_008",377,NA
"APCL14_010",378,NA
"APCL14_011",379,NA
"APCL14_012",22,NA
"APCL14_014",381,NA
"APCL14_015",14,NA
"APCL14_019",383,NA
"APCL14_020",384,NA
"APCL14_021",385,NA
"APCL14_022",386,NA
"APCL14_024",387,187
"APCL14_025",388,NA
"APCL14_026",389,NA
"APCL14_027",390,NA
"APCL14_028",NA,NA
"APCL14_030",392,NA
"APCL14_031",393,83
"APCL14_032",394,NA
"APCL14_033",395,76
"APCL14_037",398,NA
"APCL14_038",399,NA
"APCL14_040",400,NA
"APCL14_041",401,NA
"APCL14_042",402,NA
"APCL14_044",403,NA
"APCL14_045",404,NA
"APCL14_047",405,NA
"APCL14_049",406,NA
"APCL14_051",407,NA
"APCL14_052",408,NA
"APCL14_560",409,NA
"APCL14_056",410,NA
"APCL14_057",NA,NA
"APCL14_060",411,NA
"APCL14_062",412,NA
"APCL14_064",413,NA
"APCL14_065",414,NA
"APCL14_067",415,NA
"APCL14_068",417,NA
"APCL14_069",416,NA
"APCL14_070",418,NA
"APCL14_072",419,NA
"APCL14_073",420,NA
"APCL14_075",421,NA
"APCL14_077",422,NA
"APCL14_080",424,NA
"APCL14_078",423,NA
"APCL14_082",425,NA
"APCL14_085",426,NA
"APCL14_088",427,NA
"APCL14_092",429,NA
"APCL14_095",430,279
"APCL14_099",431,NA
"APCL14_101",432,NA
"APCL14_103",433,NA
"APCL14_105",434,110
"APCL14_107",435,NA
"APCL14_109",436,109
"APCL14_110",437,NA
"APCL14_111",438,NA
"APCL14_114",439,NA
"APCL14_115",440,NA
"APCL14_117",441,NA
"APCL14_118",442,NA
"APCL14_119",443,NA
"APCL14_120",444,NA
"APCL14_121",445,NA
"APCL14_122",446,NA
"APCL14_123",447,NA
"APCL14_124",448,NA
"APCL14_125",449,NA
"APCL14_126",450,NA
"APCL14_128",451,73
"APCL14_130",452,NA
"APCL14_132",453,79
"APCL14_133",455,NA
"APCL14_134",456,NA
"APCL14_135",457,NA
"APCL14_138",458,NA
"APCL14_140",457,NA
"APCL14_142",459,NA
"APCL14_143",460,NA
"APCL14_144",461,NA
"APCL14_145",462,NA
"APCL14_146",463,NA
"APCL14_148",464,NA
"APCL14_149",465,NA
"APCL14_152",467,NA
"APCL14_150",466,NA
"APCL14_153",468,NA
"APCL14_154",476,NA
"APCL14_155",477,NA
"APCL14_156",478,NA
"APCL14_157",479,NA
"APCL14_160",480,NA
"APCL14_162",481,NA
"APCL14_165",482,262
"APCL14_167",483,NA
"APCL14_168",484,NA
"APCL14_169",485,NA
"APCL14_171",486,NA
"APCL14_174",487,NA
"APCL14_176",488,NA
"APCL14_177",489,NA
"APCL14_178",490,NA
"APCL14_180",491,NA
"APCL14_182",492,NA
"APCL14_184",493,NA
"APCL14_185",494,NA
"APCL14_186",495,NA
"APCL14_187",496,NA
"APCL14_188",497,NA
"APCL14_189",498,264
"APCL14_190",499,NA
"APCL14_192",500,121
"APCL14_193",526,NA
"APCL14_195",527,NA
"APCL14_196",528,NA
"APCL14_198",529,NA
"APCL14_200",469,214
"APCL14_202",470,NA
"APCL14_203",217,NA
"APCL14_205",471,NA
"APCL14_206",472,NA
"APCL14_208",473,NA
"APCL14_209",474,NA
"APCL14_210",475,NA
"APCL14_211",501,NA
"APCL14_213",502,NA
"APCL14_214",503,NA
"APCL14_215",504,NA
"APCL14_216",505,NA
"APCL14_217",506,NA
"APCL14_218",507,NA
"APCL14_219",508,NA
"APCL14_221",NA,NA
"APCL14_222",509,NA
"APCL14_223",510,NA
"APCL14_225",511,NA
"APCL14_226",512,NA
"APCL14_227",513,NA
"APCL14_229",514,NA
"APCL14_230",515,NA
"APCL14_231",516,NA
"APCL14_233",517,NA
"APCL14_234",518,NA
"APCL14_236",519,NA
"APCL14_238",520,NA
"APCL14_240",521,NA
"APCL14_242",522,366
"APCL14_243",523,NA
"APCL14_244",NA,NA
"APCL14_245",524,NA
"APCL14_246",525,NA
"APCL14_247",530,NA
"APCL14_248",531,NA
"APCL14_249",532,NA
"APCL14_250",412,NA
"APCL14_251",533,NA
"APCL14_253",534,NA
"APCL14_254",535,NA
"APCL14_255",536,NA
"APCL14_257",537,NA
"APCL14_259",538,327
"APCL14_261",539,NA
"APCL14_263",540,NA
"APCL14_264",541,NA
"APCL14_265",542,NA
"APCL14_267",543,NA
"APCL14_269",544,NA
"APCL14_270",545,NA
"APCL14_272",546,NA
"APCL14_274",547,NA
"APCL14_276",548,NA
"APCL14_277",549,NA
"APCL14_278",550,NA
"APCL14_281",551,NA
"APCL14_282",552,NA
"APCL14_284",554,NA
"APCL14_285",555,NA
"APCL14_286",556,NA
"APCL14_288",557,NA
"APCL14_290",558,NA
"APCL14_292",559,NA
"APCL14_294",560,NA
"APCL14_295",561,NA
"APCL14_296",562,NA
"APCL14_299",563,NA
"APCL14_300",564,NA
"APCL14_302",565,NA
"APCL14_303",566,NA
"APCL14_304",567,NA
"APCL14_307",568,NA
"APCL14_308",569,NA
"APCL14_309",570,NA
"APCL14_310",571,NA
"APCL14_311",572,NA
"APCL14_312",573,NA
"APCL14_313",574,NA
"APCL14_315",575,NA
"APCL14_317",553,NA
"APCL14_318",576,NA
"APCL14_320",577,NA
"APCL14_322",578,NA
"APCL14_350",579,NA
"APCL14_351",580,NA
"APCL14_352",581,NA
"APCL14_354",582,NA
"APCL14_356",583,NA
"APCL14_357",584,NA
"APCL14_359",585,NA
"APCL14_360",232,NA
"APCL14_361",586,NA
"APCL14_362",235,NA
"APCL14_364",587,NA
"APCL14_365",588,NA
"APCL14_366",589,NA
"APCL14_367",590,NA
"APCL14_368",591,NA
"APCL14_369",592,NA
"APCL14_371",593,NA
"APCL14_373",594,NA
"APCL14_375",247,NA
"APCL14_376",595,NA
"APCL14_377",596,NA
"APCL14_378",597,NA
"APCL14_380",598,NA
"APCL14_379",599,NA
"APCL14_382",600,NA
"APCL14_383",601,NA
"APCL14_384",602,NA
"APCL14_385",603,NA
"APCL14_386",NA,NA
"APCL14_389",605,NA
"APCL14_391",607,NA
"APCL14_390",606,NA
"APCL14_392",608,176
"APCL14_394",609,NA
"APCL14_395",610,NA
"APCL14_396",611,NA
"APCL14_397",612,NA
"APCL14_398",613,NA
"APCL14_399",614,NA
"APCL14_401",615,NA
"APCL14_402",617,NA
"APCL14_404",618,NA
"APCL14_405",619,NA
"APCL14_406",620,NA
"APCL14_407",621,NA
"APCL14_408",622,NA
"APCL14_410",623,NA
"APCL14_412",624,NA
"APCL14_413",625,NA
"APCL14_417",627,NA
"APCL14_415",626,NA
"APCL14_419",628,NA
"APCL14_324",629,NA
"APCL14_325",630,NA
"APCL14_326",631,NA
"APCL14_327",632,NA
"APCL14_328",634,NA
"APCL14_329",635,NA
"APCL14_330",633,NA
"APCL14_331",636,NA
"APCL14_333",NA,NA
"APCL14_334",637,NA
"APCL14_336",638,NA
"APCL14_337",639,NA
"APCL14_338",640,NA
"APCL14_339",641,NA
"APCL14_340",642,NA
"APCL14_345",164,NA
"APCL14_341",643,NA
"APCL14_342",182,NA
"APCL14_343",644,NA
"APCL14_344",645,NA
"APCL14_346",646,NA
"APCL14_348",647,NA
"APCL14_349",648,NA
"APCL14_421",649,NA
"APCL14_422",650,NA
"APCL14_423",651,NA
"APCL14_424",652,NA
"APCL14_425",653,NA
"APCL14_426",654,NA
"APCL14_428",656,NA
"APCL14_430",658,NA
"APCL14_429",657,NA
"APCL14_431",659,NA
"APCL14_433",660,NA
"APCL14_435",661,NA
"APCL14_436",662,NA
"APCL14_438",663,NA
"APCL14_439",664,NA
"APCL14_440",665,NA
"APCL14_441",666,NA
"APCL14_442",667,NA
"APCL14_443",625,NA
"APCL14_444",668,NA
"APCL14_445",669,NA
"APCL14_446",670,NA
"APCL14_447",671,NA
"APCL14_448",672,NA
"APCL14_449",673,NA
"APCL14_451",607,NA
"APCL14_489",674,NA
"APCL14_490",675,NA
"APCL14_452",676,NA
"APCL14_453",677,NA
"APCL14_454",678,NA
"APCL14_455",679,NA
"APCL14_456",NA,NA
"APCL14_457",680,NA
"APCL14_458",NA,NA
"APCL14_459",681,NA
"APCL14_460",682,NA
"APCL14_461",683,NA
"APCL14_462",684,NA
"APCL14_463",685,NA
"APCL14_464",688,NA
"APCL14_465",689,NA
"APCL14_466",NA,NA
"APCL14_467",198,NA
"APCL14_471",200,NA
"APCL14_469",690,NA
"APCL14_472",691,NA
"APCL14_480",692,NA
"APCL14_483",693,NA
"APCL14_491",NA,NA
"APCL14_492",694,NA
"APCL14_493",695,NA
"APCL14_495",696,NA
"APCL14_496",697,NA
"APCL14_498",698,NA
"APCL14_499",699,NA
"APCL14_502",700,NA
"APCL14_503",701,NA
"APCL14_504",702,NA
"APCL14_508",703,NA
"APCL14_509",NA,NA
"APCL14_510",705,NA
"APCL14_512",706,37
"APCL14_513",707,NA
"APCL14_514",708,NA
"APCL14_515",709,NA
"APCL14_517",710,NA
"APCL14_518",711,NA
"APCL14_520",712,NA
"APCL14_523",713,NA
"APCL14_525",714,NA
"APCL14_527",715,NA
"APCL14_528",NA,NA
"APCL14_531",717,NA
"APCL14_529",716,NA
"APCL14_532",718,31
"APCL14_533",719,NA
"APCL14_534",720,NA
"APCL14_535",721,NA
"APCL14_536",722,NA
"APCL14_537",723,NA
"APCL14_538",34,NA
"APCL14_539",724,NA
"APCL14_541",208,NA
"APCL14_542",206,NA
"APCL14_543",725,NA
"APCL14_545",726,NA
"APCL14_547",129,NA
"APCL14_548",727,NA
"APCL14_549",728,NA
"APCL14_551",729,NA
"APCL14_552",730,NA
"APCL14_554",731,NA
"APCL14_556",732,NA
"APCL14_557",733,NA
"APCL14_558",734,NA
"APCL14_559",132,NA
"APCL14_002",375,NA
"APCL14_005",376,NA
"APCL14_007",284,NA
"APCL14_009",377,NA
"APCL14_013",380,NA
"APCL14_016",14,NA
"APCL14_018",382,NA
"APCL14_023",386,NA
"APCL14_034",395,76
"APCL14_039",399,NA
"APCL14_043",402,NA
"APCL14_046",404,NA
"APCL14_048",405,NA
"APCL14_050",406,NA
"APCL14_053",408,NA
"APCL14_055",409,NA
"APCL14_058",NA,NA
"APCL14_061",411,NA
"APCL14_063",412,NA
"APCL14_066",414,NA
"APCL14_071",418,NA
"APCL14_074",420,NA
"APCL14_076",421,NA
"APCL14_079",423,NA
"APCL14_083",425,NA
"APCL14_086",426,NA
"APCL14_089",427,NA
"APCL14_093",429,NA
"APCL14_097",430,279
"APCL14_112",438,NA
"APCL14_116",440,NA
"APCL14_127",450,NA
"APCL14_129",451,73
"APCL14_141",456,NA
"APCL14_139",458,NA
"APCL14_147",463,NA
"APCL14_151",466,NA
"APCL14_158",479,NA
"APCL14_161",480,NA
"APCL14_163",481,NA
"APCL14_166",482,262
"APCL14_170",485,NA
"APCL14_172",486,NA
"APCL14_175",487,NA
"APCL14_179",490,NA
"APCL14_181",491,NA
"APCL14_183",492,NA
"APCL14_191",499,NA
"APCL14_194",526,NA
"APCL14_197",528,NA
"APCL14_201",469,214
"APCL14_204",217,NA
"APCL14_207",472,NA
"APCL14_212",501,NA
"APCL14_220",508,NA
"APCL14_224",510,NA
"APCL14_228",513,NA
"APCL14_232",515,NA
"APCL14_235",518,NA
"APCL14_237",519,NA
"APCL14_239",520,NA
"APCL14_241",521,NA
"APCL14_252",533,NA
"APCL14_256",536,NA
"APCL14_260",538,327
"APCL14_262",539,NA
"APCL14_266",542,NA
"APCL14_268",543,NA
"APCL14_271",545,NA
"APCL14_273",546,NA
"APCL14_275",547,NA
"APCL14_279",550,NA
"APCL14_280",551,NA
"APCL14_283",552,NA
"APCL14_287",556,NA
"APCL14_289",557,NA
"APCL14_291",558,NA
"APCL14_293",559,NA
"APCL14_297",562,NA
"APCL14_301",564,NA
"APCL14_305",567,NA
"APCL14_314",574,NA
"APCL14_316",575,NA
"APCL14_319",576,NA
"APCL14_321",577,NA
"APCL14_323",578,NA
"APCL14_353",581,NA
"APCL14_355",582,NA
"APCL14_358",584,NA
"APCL14_363",235,NA
"APCL14_370",592,NA
"APCL14_372",593,NA
"APCL14_374",594,NA
"APCL14_381",599,NA
"APCL14_387",NA,NA
"APCL14_393",608,176
"APCL14_400",614,NA
"APCL14_403",617,NA
"APCL14_409",622,NA
"APCL14_414",625,NA
"APCL14_418",627,NA
"APCL14_416",626,NA
"APCL14_420",628,NA
"APCL14_332",636,NA
"APCL14_335",637,NA
"APCL14_347",646,NA
"APCL14_427",654,NA
"APCL14_432",659,NA
"APCL14_434",660,NA
"APCL14_437",662,NA
"APCL14_450",673,NA
"APCL14_468",198,NA
"APCL14_470",690,NA
"APCL14_473",691,NA
"APCL14_481",692,NA
"APCL14_484",693,NA
"APCL14_494",695,NA
"APCL14_497",697,NA
"APCL14_500",699,NA
"APCL14_505",702,NA
"APCL14_511",705,NA
"APCL14_516",709,NA
"APCL14_519",711,NA
"APCL14_521",712,NA
"APCL14_524",713,NA
"APCL14_526",714,NA
"APCL14_530",716,NA
"APCL14_540",724,NA
"APCL14_544",725,NA
"APCL14_546",726,NA
"APCL14_550",728,NA
"APCL14_553",730,NA
"APCL14_555",731,NA
"APCL14_003",375,NA
"APCL14_017",14,NA
"APCL14_035",395,76
"APCL14_054",408,NA
"APCL14_098",430,279
"APCL14_159",479,NA
"APCL14_164",481,NA
"APCL14_173",486,NA
"APCL14_258",536,NA
"APCL14_298",562,NA
"APCL14_306",567,NA
"APCL14_388",NA,NA
"APCL14_474",691,NA
"APCL14_482",692,NA
"APCL14_485",693,NA
"APCL14_501",699,NA
"APCL14_506",702,NA
"APCL14_522",712,NA
"APCL14_036",395,76
"APCL14_475",691,NA
"APCL14_486",693,NA
"APCL14_507",702,NA
"APCL14_476",691,NA
"APCL14_487",693,NA
"APCL14_477",691,NA
"APCL14_488",693,NA
"APCL14_478",691,NA
"APCL14_479",691,NA
"APCL13_001",NA,NA
"APCL13_002",2,NA
"APCL13_006",1,NA
"APCL13_004",3,NA
"APCL13_005",4,NA
"APCL13_007",5,NA
"APCL13_009",6,NA
"APCL13_011",7,NA
"APCL13_013",8,NA
"APCL13_016",9,NA
"APCL13_017",10,NA
"APCL13_020",15,NA
"APCL13_022",11,NA
"APCL13_023",12,NA
"APCL13_025",13,NA
"APCL13_027",14,NA
"APCL13_026",16,NA
"APCL13_029",17,NA
"APCL13_031",18,NA
"APCL13_033",19,NA
"APCL13_034",20,NA
"APCL13_038",22,NA
"APCL13_036",21,NA
"APCL13_039",23,NA
"APCL13_041",24,NA
"APCL13_042",25,NA
"APCL13_046",27,NA
"APCL13_044",26,NA
"APCL13_047",28,NA
"APCL13_048",29,NA
"APCL13_049",31,NA
"APCL13_053",32,NA
"APCL13_054",33,NA
"APCL13_056",34,NA
"APCL13_057",35,NA
"APCL13_061",36,NA
"APCL13_062",37,NA
"APCL13_064",38,NA
"APCL13_065",39,NA
"APCL13_067",40,NA
"APCL13_071",41,NA
"APCL13_072",42,NA
"APCL13_076",43,NA
"APCL13_077",44,NA
"APCL13_079",45,NA
"APCL13_082",46,NA
"APCL13_083",47,NA
"APCL13_084",48,NA
"APCL13_086",49,NA
"APCL13_087",50,NA
"APCL13_089",51,NA
"APCL13_091",52,NA
"APCL13_093",53,NA
"APCL13_095",54,NA
"APCL13_097",55,NA
"APCL13_100",56,NA
"APCL13_101",57,NA
"APCL13_102",58,NA
"APCL13_105",60,NA
"APCL13_106",61,NA
"APCL13_110",62,NA
"APCL13_109",63,NA
"APCL13_114",64,NA
"APCL13_117",65,NA
"APCL13_119",NA,NA
"APCL13_121",66,NA
"APCL13_123",67,NA
"APCL13_126",68,NA
"APCL13_128",69,NA
"APCL13_129",70,NA
"APCL13_130",71,NA
"APCL13_131",72,NA
"APCL13_132",73,NA
"APCL13_134",74,NA
"APCL13_136",75,NA
"APCL13_138",76,NA
"APCL13_140",77,NA
"APCL13_142",79,NA
"APCL13_143",78,NA
"APCL13_144",80,NA
"APCL13_146",81,NA
"APCL13_147",82,NA
"APCL13_149",84,NA
"APCL13_150",85,NA
"APCL13_154",86,NA
"APCL13_155",87,NA
"APCL13_160",88,NA
"APCL13_161",89,NA
"APCL13_162",90,NA
"APCL13_168",91,NA
"APCL13_164",92,NA
"APCL13_167",93,NA
"APCL13_169",94,NA
"APCL13_172",95,NA
"APCL13_174",97,NA
"APCL13_176",98,NA
"APCL13_178",99,NA
"APCL13_180",100,NA
"APCL13_182",101,NA
"APCL13_184",102,NA
"APCL13_185",103,NA
"APCL13_186",104,NA
"APCL13_187",105,NA
"APCL13_191",107,NA
"APCL13_192",106,NA
"APCL13_196",108,NA
"APCL13_197",109,NA
"APCL13_199",110,NA
"APCL13_200",111,NA
"APCL13_202",112,NA
"APCL13_205",113,NA
"APCL13_207",114,NA
"APCL13_209",115,NA
"APCL13_211",116,NA
"APCL13_213",117,NA
"APCL13_214",118,NA
"APCL13_217",119,NA
"APCL13_219",120,NA
"APCL13_222",121,NA
"APCL13_224",122,NA
"APCL13_225",123,NA
"APCL13_227",124,NA
"APCL13_228",125,NA
"APCL13_230",126,NA
"APCL13_231",127,NA
"APCL13_232",128,NA
"APCL13_234",129,NA
"APCL13_236",131,NA
"APCL13_237",130,NA
"APCL13_240",132,NA
"APCL13_241",133,NA
"APCL13_245",135,NA
"APCL13_243",134,NA
"APCL13_248",136,NA
"APCL13_249",137,NA
"APCL13_252",138,NA
"APCL13_253",139,NA
"APCL13_254",140,NA
"APCL13_256",141,NA
"APCL13_258",142,NA
"APCL13_259",143,NA
"APCL13_261",144,NA
"APCL13_262",145,NA
"APCL13_263",146,NA
"APCL13_266",148,NA
"APCL13_264",147,NA
"APCL13_267",149,NA
"APCL13_269",150,NA
"APCL13_318",151,NA
"APCL13_270",152,NA
"APCL13_273",153,NA
"APCL13_274",154,NA
"APCL13_276",156,NA
"APCL13_277",157,NA
"APCL13_278",158,NA
"APCL13_279",159,NA
"APCL13_281",160,NA
"APCL13_282",161,NA
"APCL13_284",162,NA
"APCL13_286",163,NA
"APCL13_287",154,NA
"APCL13_288",165,NA
"APCL13_290",166,NA
"APCL13_293",167,NA
"APCL13_294",168,NA
"APCL13_295",169,NA
"APCL13_296",170,NA
"APCL13_297",171,NA
"APCL13_301",172,NA
"APCL13_302",173,NA
"APCL13_305",175,NA
"APCL13_307",177,NA
"APCL13_308",178,NA
"APCL13_309",179,NA
"APCL13_310",180,NA
"APCL13_313",181,NA
"APCL13_316",183,NA
"APCL13_315",182,NA
"APCL13_317",184,NA
"APCL13_319",185,NA
"APCL13_320",186,NA
"APCL13_321",188,NA
"APCL13_323",189,NA
"APCL13_324",190,NA
"APCL13_326",191,NA
"APCL13_327",192,NA
"APCL13_329",193,NA
"APCL13_331",194,NA
"APCL13_333",195,NA
"APCL13_334",196,NA
"APCL13_336",197,NA
"APCL13_337",198,NA
"APCL13_339",200,NA
"APCL13_341",199,NA
"APCL13_345",202,NA
"APCL13_343",201,NA
"APCL13_346",203,NA
"APCL13_347",204,NA
"APCL13_354",207,NA
"APCL13_350",205,NA
"APCL13_352",206,NA
"APCL13_356",208,NA
"APCL13_358",209,NA
"APCL13_360",210,NA
"APCL13_361",211,NA
"APCL13_362",212,NA
"APCL13_363",213,NA
"APCL13_365",214,NA
"APCL13_368",215,NA
"APCL13_375",216,NA
"APCL13_379",217,NA
"APCL13_378",218,NA
"APCL13_380",219,NA
"APCL13_381",220,NA
"APCL13_383",221,NA
"APCL13_385",222,NA
"APCL13_387",223,NA
"APCL13_389",224,NA
"APCL13_391",225,NA
"APCL13_392",226,NA
"APCL13_395",228,NA
"APCL13_394",227,NA
"APCL13_396",229,NA
"APCL13_397",230,NA
"APCL13_399",231,NA
"APCL13_400",232,NA
"APCL13_403",233,NA
"APCL13_404",234,NA
"APCL13_405",235,NA
"APCL13_407",236,NA
"APCL13_408",237,NA
"APCL13_409",238,NA
"APCL13_410",239,NA
"APCL13_411",240,NA
"APCL13_413",241,NA
"APCL13_414",242,NA
"APCL13_416",243,NA
"APCL13_418",245,NA
"APCL13_420",246,NA
"APCL13_422",247,NA
"APCL13_424",248,NA
"APCL13_425",249,NA
"APCL13_426",250,NA
"APCL13_427",251,NA
"APOC13_429",NA,NA
"APPE13_431",NA,NA
"APPE13_432",NA,NA
"APCL13_433",252,NA
"APCL13_437",253,NA
"APCL13_441",254,NA
"APCL13_444",255,NA
"APCL13_446",256,NA
"APCL13_450",257,NA
"APCL13_452",258,NA
"APCL13_454",259,NA
"APCL13_455",259,NA
"APCL13_456",260,NA
"APCL13_459",261,NA
"APCL13_460",262,NA
"APCL13_461",NA,NA
"APCL13_463",263,NA
"APCL13_464",264,NA
"APCL13_465",265,NA
"APCL13_466",266,NA
"APCL13_468",267,NA
"APCL13_469",268,NA
"APCL13_470",269,NA
"APCL13_472",270,NA
"APCL13_474",271,NA
"APCL13_476",272,NA
"APCL13_477",273,NA
"APCL13_478",274,NA
"APCL13_483",275,NA
"APCL13_484",276,NA
"APCL13_488",277,NA
"APCL13_491",278,NA
"APCL13_493",279,NA
"APCL13_496",280,NA
"APCL13_498",281,NA
"APCL13_499",282,NA
"APCL13_501",NA,NA
"APCL13_502",283,NA
"APCL13_503",NA,NA
"APCL13_504",284,NA
"APCL13_506",285,NA
"APCL13_508",286,NA
"APCL13_510",287,NA
"APCL13_513",288,NA
"APCL13_516",289,NA
"APCL13_519",290,NA
"APCL13_520",291,NA
"APCL13_524",292,NA
"APCL13_527",293,NA
"APCL13_530",294,NA
"APCL13_531",295,NA
"APCL13_533",297,NA
"APCL13_534",298,NA
"APCL13_535",299,NA
"APCL13_537",300,NA
"APCL13_540",301,NA
"APCL13_546",302,NA
"APCL13_547",303,NA
"APCL13_550",304,NA
"APCL13_551",305,NA
"APCL13_553",306,NA
"APCL13_556",307,NA
"APCL13_559",308,NA
"APCL13_560",309,NA
"APCL13_562",310,NA
"APCL13_565",311,NA
"APCL13_567",312,NA
"APCL13_568",313,NA
"APCL13_570",314,NA
"APCL13_572",315,NA
"APCL13_573",316,NA
"APCL13_576",317,NA
"APCL13_579",318,NA
"APCL13_583",319,NA
"APCL13_584",320,NA
"APCL13_587",321,NA
"APCL13_588",322,NA
"APCL13_592",323,NA
"APCL13_595",324,NA
"APCL13_597",NA,NA
"APCL13_600",325,NA
"APCL13_606",326,NA
"APCL13_602",327,NA
"APCL13_603",329,NA
"APCL13_607",330,NA
"APCL13_608",332,NA
"APCL13_609",333,NA
"APCL13_610",334,NA
"APCL13_611",335,NA
"APCL13_612",336,NA
"APCL13_613",337,NA
"APCL13_614",338,NA
"APCL13_615",339,NA
"APCL13_616",340,NA
"APCL13_617",341,NA
"APCL13_619",343,NA
"APCL13_618",342,NA
"APCL13_620",344,NA
"APCL13_621",176,NA
"APCL13_622",178,NA
"APCL13_623",346,NA
"APCL13_625",347,NA
"APCL13_626",180,NA
"APCL13_627",348,NA
"APCL13_628",349,NA
"APCL13_631",350,NA
"APCL13_632",351,NA
"APCL13_634",352,NA
"APCL13_636",353,NA
"APCL13_637",354,NA
"APCL13_638",355,NA
"APCL13_639",356,NA
"APCL13_640",123,NA
"APCL13_641",357,NA
"APCL13_642",358,NA
"APCL13_643",112,NA
"APCL13_644",359,NA
"APCL13_646",360,NA
"APCL13_647",361,NA
"APCL13_648",362,NA
"APCL13_649",363,NA
"APCL13_650",364,NA
"APCL13_651",NA,NA
"APCL13_653",365,NA
"APCL13_656",366,NA
"APCL13_658",367,NA
"APCL13_659",368,NA
"APCL13_660",369,NA
"APCL13_662",370,NA
"APCL13_663",371,NA
"APCL13_664",372,NA
"APCL13_665",373,NA
"APCL13_666",374,NA
"APCL13_003",2,NA
"APCL13_008",5,NA
"APCL13_010",6,NA
"APCL13_012",7,NA
"APCL13_014",8,NA
"APCL13_019",10,NA
"APCL13_021",15,NA
"APCL13_024",12,NA
"APCL13_028",16,NA
"APCL13_030",17,NA
"APCL13_032",18,NA
"APCL13_035",20,NA
"APCL13_037",21,NA
"APCL13_040",23,NA
"APCL13_043",25,NA
"APCL13_045",26,NA
"APCL13_050",31,NA
"APCL13_055",33,NA
"APCL13_058",35,NA
"APCL13_063",37,NA
"APCL13_070",38,NA
"APCL13_066",39,NA
"APCL13_068",40,NA
"APCL13_073",42,NA
"APCL13_078",44,NA
"APCL13_080",45,NA
"APCL13_085",48,NA
"APCL13_088",50,NA
"APCL13_090",51,NA
"APCL13_092",52,NA
"APCL13_094",53,NA
"APCL13_096",54,NA
"APCL13_099",55,NA
"APCL13_103",58,NA
"APCL13_107",61,NA
"APCL13_111",63,NA
"APCL13_115",64,NA
"APCL13_118",65,NA
"APCL13_120",NA,NA
"APCL13_122",66,NA
"APCL13_124",67,NA
"APCL13_127",68,NA
"APCL13_133",73,NA
"APCL13_137",75,NA
"APCL13_139",76,NA
"APCL13_141",77,NA
"APCL13_145",80,NA
"APCL13_148",82,NA
"APCL13_151",85,NA
"APCL13_156",87,NA
"APCL13_163",90,NA
"APCL13_165",92,NA
"APCL13_170",93,NA
"APCL13_171",94,NA
"APCL13_173",96,NA
"APCL13_177",98,NA
"APCL13_179",99,NA
"APCL13_181",100,NA
"APCL13_183",101,NA
"APCL13_188",105,NA
"APCL13_190",107,NA
"APCL13_193",106,NA
"APCL13_201",111,NA
"APCL13_203",112,NA
"APCL13_206",113,NA
"APCL13_208",114,NA
"APCL13_210",115,NA
"APCL13_212",116,NA
"APCL13_215",118,NA
"APCL13_218",119,NA
"APCL13_220",120,NA
"APCL13_223",121,NA
"APCL13_226",123,NA
"APCL13_229",125,NA
"APCL13_233",128,NA
"APCL13_235",129,NA
"APCL13_238",130,NA
"APCL13_242",133,NA
"APCL13_246",135,NA
"APCL13_244",134,NA
"APCL13_251",136,NA
"APCL13_250",137,NA
"APCL13_255",140,NA
"APCL13_257",141,NA
"APCL13_260",143,NA
"APCL13_268",145,NA
"APCL13_265",147,NA
"APCL13_271",152,NA
"APCL13_275",154,NA
"APCL13_280",159,NA
"APCL13_283",161,NA
"APCL13_285",162,NA
"APCL13_289",165,NA
"APCL13_291",166,NA
"APCL13_304",170,NA
"APCL13_298",171,NA
"APCL13_303",173,NA
"APCL13_306",175,NA
"APCL13_311",180,NA
"APCL13_322",188,NA
"APCL13_325",190,NA
"APCL13_328",192,NA
"APCL13_330",193,NA
"APCL13_332",194,NA
"APCL13_335",196,NA
"APCL13_338",198,NA
"APCL13_340",200,NA
"APCL13_342",199,NA
"APCL13_344",201,NA
"APCL13_348",204,NA
"APCL13_355",207,NA
"APCL13_351",205,NA
"APCL13_353",206,NA
"APCL13_359",209,NA
"APCL13_364",213,NA
"APCL13_366",214,NA
"APCL13_369",215,NA
"APCL13_376",216,NA
"APCL13_382",220,NA
"APCL13_386",222,NA
"APCL13_388",223,NA
"APCL13_390",224,NA
"APCL13_393",226,NA
"APCL13_401",232,NA
"APCL13_406",235,NA
"APCL13_412",240,NA
"APCL13_415",242,NA
"APCL13_417",243,NA
"APCL13_419",245,NA
"APCL13_421",246,NA
"APCL13_423",247,NA
"APCL13_428",251,NA
"APOC13_430",NA,NA
"APCL13_434",252,NA
"APCL13_438",253,NA
"APCL13_442",254,NA
"APCL13_445",255,NA
"APCL13_447",256,NA
"APCL13_451",257,NA
"APCL13_453",258,NA
"APCL13_457",260,NA
"APCL13_462",NA,NA
"APCL13_467",266,NA
"APCL13_471",269,NA
"APCL13_473",270,NA
"APCL13_475",271,NA
"APCL13_482",273,NA
"APCL13_479",274,NA
"APCL13_485",276,NA
"APCL13_489",277,NA
"APCL13_492",278,NA
"APCL13_494",279,NA
"APCL13_497",280,NA
"APCL13_500",282,NA
"APCL13_505",284,NA
"APCL13_507",285,NA
"APCL13_509",286,NA
"APCL13_511",287,NA
"APCL13_514",288,NA
"APCL13_517",289,NA
"APCL13_521",291,NA
"APCL13_525",292,NA
"APCL13_528",293,NA
"APCL13_532",295,NA
"APCL13_536",299,NA
"APCL13_538",300,NA
"APCL13_541",301,NA
"APCL13_548",303,NA
"APCL13_552",305,NA
"APCL13_555",306,NA
"APCL13_557",307,NA
"APCL13_561",309,NA
"APCL13_563",310,NA
"APCL13_566",311,NA
"APCL13_569",313,NA
"APCL13_571",314,NA
"APCL13_574",316,NA
"APCL13_578",317,NA
"APCL13_580",318,NA
"APCL13_585",320,NA
"APCL13_589",322,NA
"APCL13_593",323,NA
"APCL13_596",324,NA
"APCL13_598",NA,NA
"APCL13_601",326,NA
"APCL13_604",329,NA
"APCL13_624",346,NA
"APCL13_629",350,NA
"APCL13_633",351,NA
"APCL13_635",352,NA
"APCL13_645",359,NA
"APCL13_652",NA,NA
"APCL13_654",365,NA
"APCL13_657",366,NA
"APCL13_661",369,NA
"APCL13_667",374,NA
"APCL13_015",8,NA
"APCL13_051",31,NA
"APCL13_060",35,NA
"APCL13_069",40,NA
"APCL13_074",42,NA
"APCL13_081",45,NA
"APCL13_098",54,NA
"APCL13_104",58,NA
"APCL13_108",61,NA
"APCL13_112",63,NA
"APCL13_116",64,NA
"APCL13_125",67,NA
"APCL13_135",73,NA
"APCL13_152",85,NA
"APCL13_157",87,NA
"APCL13_166",92,NA
"APCL13_189",105,NA
"APCL13_194",106,NA
"APCL13_204",112,NA
"APCL13_216",114,NA
"APCL13_221",120,NA
"APCL13_239",130,NA
"APCL13_247",135,NA
"APCL13_272",152,NA
"APCL13_292",166,NA
"APCL13_299",171,NA
"APCL13_312",180,NA
"APCL13_349",204,NA
"APCL13_357",208,NA
"APCL13_367",214,NA
"APCL13_370",215,NA
"APCL13_377",216,NA
"APCL13_384",220,NA
"APCL13_398",230,NA
"APCL13_402",232,NA
"APCL13_435",252,NA
"APCL13_439",253,NA
"APCL13_443",254,NA
"APCL13_448",256,NA
"APCL13_458",260,NA
"APCL13_480",274,NA
"APCL13_486",276,NA
"APCL13_490",277,NA
"APCL13_495",279,NA
"APCL13_512",287,NA
"APCL13_515",288,NA
"APCL13_518",289,NA
"APCL13_522",291,NA
"APCL13_529",293,NA
"APCL13_539",300,NA
"APCL13_542",301,NA
"APCL13_549",303,NA
"APCL13_558",307,NA
"APCL13_564",310,NA
"APCL13_575",316,NA
"APCL13_581",318,NA
"APCL13_586",320,NA
"APCL13_590",322,NA
"APCL13_594",323,NA
"APCL13_599",NA,NA
"APCL13_605",329,NA
"APCL13_630",350,NA
"APCL13_655",365,NA
"APCL13_052",31,NA
"APCL13_059",35,NA
"APCL13_075",42,NA
"APCL13_113",63,NA
"APCL13_153",85,NA
"APCL13_158",87,NA
"APCL13_195",106,NA
"APCL13_300",171,NA
"APCL13_314",180,NA
"APCL13_371",215,NA
"APCL13_436",252,NA
"APCL13_440",253,NA
"APCL13_449",256,NA
"APCL13_481",274,NA
"APCL13_487",276,NA
"APCL13_523",291,NA
"APCL13_543",301,NA
"APCL13_582",318,NA
"APCL13_591",322,NA
"APCL13_159",87,NA
"APCL13_372",215,NA
"APCL13_526",292,NA
"APCL13_373",215,NA
"APCL13_374",215,NA
"APCL12_006",NA,NA
"APCL12_011",NA,NA
"APCL12_018",NA,NA
"APCL12_013",NA,NA
"APCL12_012",NA,NA
"APCL12_007",NA,NA
"APCL12_003",NA,NA
"APCL12_004",NA,NA
"APCL12_014",NA,NA
"APCL12_028",NA,NA
"APCL12_022",NA,NA
"APCL12_021",NA,NA
"APCL12_027",NA,NA
"APCL12_026",NA,NA
"APCL12_025",NA,NA
"APCL12_032",NA,NA
"APCL12_034",NA,NA
"APCL12_035",NA,NA
"APCL12_037",NA,NA
"APCL12_038",NA,NA
"APCL12_040",NA,NA
"APCL12_042",NA,NA
"APCL12_045",NA,NA
"APCL12_047",NA,NA
"APCL12_049",NA,NA
"APCL12_050",NA,NA
"APCL12_052",NA,NA
"APCL12_061",NA,NA
"APCL12_056",NA,NA
"APCL12_060",NA,NA
"APCL12_062",NA,NA
"APCL12_057",NA,NA
"APCL12_054",NA,NA
"APCL12_056",NA,NA
"APCL12_069",NA,NA
"APCL12_077",NA,NA
"APCL12_079",NA,NA
"APCL12_080",NA,NA
"APCL12_064",NA,NA
"APCL12_075",NA,NA
"APCL12_072",NA,NA
"APCL12_086",NA,NA
"APCL12_082",NA,NA
"APCL12_088",NA,NA
"APCL12_087",NA,NA
"APCL12_085",NA,NA
"APCL12_095",NA,NA
"APCL12_094",NA,NA
"APCL12_091",NA,NA
"APCL12_097",NA,NA
"APCL12_092",NA,NA
"APCL12_104",NA,NA
"APCL12_106",NA,NA
"APCL12_107",NA,NA
"APCL12_105",NA,NA
"APCL12_100",NA,NA
"APCL12_108",NA,NA
"APCL12_116",NA,NA
"APCL12_112",NA,NA
"APCL12_114",NA,NA
"APCL12_117",NA,NA
"APCL12_110",NA,NA
"APCL12_109",NA,NA
"APCL12_115",NA,NA
"APCL12_111",NA,NA
"APCL12_118",NA,NA
"APCL12_120",NA,NA
"APCL12_124",NA,NA
"APCL12_125",NA,NA
"APCL12_123",NA,NA
"APCL12_121",NA,NA
"APCL12_119",NA,NA
"APCL12_126",NA,NA
"APCL12_128",NA,NA
"APCL12_129",NA,NA
"APCL12_130",NA,NA
"APCL12_132",NA,NA
"APCL12_135",NA,NA
"APCL12_138",NA,NA
"APCL12_140",NA,NA
"APCL12_142",NA,NA
"APCL12_144",NA,NA
"APCL12_146",NA,NA
"APCL12_151",NA,NA
"APCL12_154",NA,NA
"APCL12_161",NA,NA
"APCL12_155",NA,NA
"APCL12_165",NA,NA
"APCL12_172",NA,NA
"APCL12_166",NA,NA
"APCL12_167",NA,NA
"APCL12_168",NA,NA
"APCL12_169",NA,NA
"APCL12_170",NA,NA
"APCL12_173",NA,NA
"APCL12_174",NA,NA
"APCL12_177",NA,NA
"APCL12_179",NA,NA
"APCL12_180",NA,NA
"APCL12_181",NA,NA
"APCL12_183",NA,NA
"APCL12_187",NA,NA
"APCL12_185",NA,NA
"APCL12_188",NA,NA
"APCL12_189",NA,NA
"APCL12_192",NA,NA
"APCL12_193",NA,NA
"APCL12_195",NA,NA
"APCL12_196",NA,NA
"APCL12_197",NA,NA
"APCL12_199",NA,NA
"APCL12_200",NA,NA
"APCL12_202",NA,NA
"APCL12_203",NA,NA
"APCL12_204",NA,NA
"APCL12_205",NA,NA
"APCL12_206",NA,NA
"APCL12_207",NA,NA
"APCL12_209",NA,NA
"APCL12_212",NA,NA
"APCL12_213",NA,NA
"APCL12_214",NA,NA
"APCL12_215",NA,NA
"APCL12_217",NA,NA
"APCL12_218",NA,NA
"APCL12_222",NA,NA
"APCL12_224",NA,NA
"APCL12_228",NA,NA
"APCL12_226",NA,NA
"APCL12_227",NA,NA
"APCL12_232",NA,NA
"APCL12_235",NA,NA
"APCL12_236",NA,NA
"APCL12_237",NA,NA
"APCL12_238",NA,NA
"APCL12_239",NA,NA
"APCL12_240",3,NA
"APCL12_241",4,NA
"APCL12_242",8,NA
"APCL12_245",10,NA
"APCL12_248",NA,NA
"APCL12_250",NA,NA
"APCL12_251",NA,NA
"APCL12_252",NA,NA
"APCL12_254",NA,NA
"APCL12_255",NA,NA
"APCL12_257",NA,NA
"APCL12_260",NA,NA
"APCL12_262",NA,NA
"APCL12_261",NA,NA
"APCL12_264",NA,NA
"APCL12_266",NA,NA
"APCL12_267",NA,NA
"APCL12_268",NA,NA
"APCL12_269",NA,NA
"APCL12_270",NA,NA
"APCL12_271",NA,NA
"APCL12_272",NA,NA
"APCL12_274",NA,NA
"APCL12_276",NA,NA
"APCL12_280",NA,NA
"APCL12_278",NA,NA
"APCL12_281",NA,NA
"APCL12_282",NA,NA
"APCL12_283",NA,NA
"APCL12_284",NA,NA
"APCL12_286",NA,NA
"APCL12_015",NA,NA
"APCL12_001",NA,NA
"APCL12_009",NA,NA
"APCL12_002",NA,NA
"APCL12_010",NA,NA
"APCL12_005",NA,NA
"APCL12_023",NA,NA
"APCL12_030",NA,NA
"APCL12_024",NA,NA
"APCL12_031",NA,NA
"APCL12_033",NA,NA
"APCL12_036",NA,NA
"APCL12_039",NA,NA
"APCL12_041",NA,NA
"APCL12_043",NA,NA
"APCL12_046",NA,NA
"APCL12_048",NA,NA
"APCL12_051",NA,NA
"APCL12_053",NA,NA
"APCL12_063",NA,NA
"APCL12_059",NA,NA
"APCL12_070",NA,NA
"APCL12_071",NA,NA
"APCL12_066",NA,NA
"APCL12_065",NA,NA
"APCL12_073",NA,NA
"APCL12_084",NA,NA
"APCL12_089",NA,NA
"APCL12_081",NA,NA
"APCL12_093",NA,NA
"APCL12_093",NA,NA
"APCL12_098",NA,NA
"APCL12_099",NA,NA
"APCL12_102",NA,NA
"APCL12_103",NA,NA
"APCL12_113",NA,NA
"APCL12_101",NA,NA
"APCL12_122",NA,NA
"APCL12_127",NA,NA
"APCL12_131",NA,NA
"APCL12_133",NA,NA
"APCL12_136",NA,NA
"APCL12_139",NA,NA
"APCL12_141",NA,NA
"APCL12_143",NA,NA
"APCL12_145",NA,NA
"APCL12_148",NA,NA
"APCL12_152",NA,NA
"APCL12_162",NA,NA
"APCL12_156",NA,NA
"APCL12_171",NA,NA
"APCL12_175",NA,NA
"APCL12_178",NA,NA
"APCL12_182",NA,NA
"APCL12_184",NA,NA
"APCL12_186",NA,NA
"APCL12_190",NA,NA
"APCL12_194",NA,NA
"APCL12_198",NA,NA
"APCL12_201",NA,NA
"APCL12_208",NA,NA
"APCL12_210",NA,NA
"APCL12_216",NA,NA
"APCL12_219",NA,NA
"APCL12_220",NA,NA
"APCL12_223",NA,NA
"APCL12_229",NA,NA
"APCL12_231",NA,NA
"APCL12_233",NA,NA
"APCL12_234",NA,NA
"APCL12_243",8,NA
"APCL12_244",9,NA
"APCL12_246",10,NA
"APCL12_249",NA,NA
"APCL12_253",NA,NA
"APCL12_256",NA,NA
"APCL12_258",NA,NA
"APCL12_263",NA,NA
"APCL12_265",NA,NA
"APCL12_273",NA,NA
"APCL12_277",NA,NA
"APCL12_279",NA,NA
"APCL12_285",NA,NA
"APCL12_017",NA,NA
"APCL12_019",NA,NA
"APCL12_016",NA,NA
"APCL12_029",NA,NA
"APCL12_044",NA,NA
"APCL12_047",NA,NA
"APCL12_055",NA,NA
"APCL12_073",NA,NA
"APCL12_076",NA,NA
"APCL12_068",NA,NA
"APCL12_067",NA,NA
"APCL12_074",NA,NA
"APCL12_096",NA,NA
"APCL12_090",NA,NA
"APCL12_134",NA,NA
"APCL12_137",NA,NA
"APCL12_149",NA,NA
"APCL12_153",NA,NA
"APCL12_163",NA,NA
"APCL12_157",NA,NA
"APCL12_176",NA,NA
"APCL12_191",NA,NA
"APCL12_211",NA,NA
"APCL12_221",NA,NA
"APCL12_225",NA,NA
"APCL12_230",NA,NA
"APCL12_247",10,NA
"APCL12_259",NA,NA
"APCL12_275",NA,NA
"APCL12_008",NA,NA
"APCL12_150",NA,NA
"APCL12_164",NA,NA
"APCL12_158",NA,NA
"APCL12_159",NA,NA
"APCL12_160",NA,NA
